type,title,director,cast,release_year,rating,listed_in
0,7231,1428,3324,2016,3,398
1,7230,1066,3779,2008,1,418
1,7232,1066,5664,2020,3,271
0,7222,1134,1675,2018,0,436
1,7221,1066,182,2020,1,21
1,7210,1066,1000,2017,3,226
1,7204,1066,1548,2015,1,114
1,7198,1066,1427,2013,2,449
0,7195,1394,2011,2015,0,314
1,7176,1066,3147,2018,1,386
0,7179,2470,412,2016,1,389
0,7178,2470,412,2016,1,389
1,7153,1066,1027,2017,1,303
1,6935,1066,1796,2009,2,0
1,6934,1066,5513,2015,3,360
1,7140,1066,472,2018,3,449
0,7133,3910,898,2020,2,314
1,7110,1066,80,2019,1,414
1,7107,1066,3540,2018,3,449
1,7105,1066,1612,2011,1,225
0,7089,539,5552,2019,3,191
1,7083,1066,1362,2014,3,305
0,7078,251,4336,2012,3,0
1,7057,1066,4503,2013,2,369
1,7049,1066,2562,2019,3,314
1,7018,1066,2573,2019,3,305
0,7002,2246,2830,2011,3,141
0,6989,1926,1724,2012,3,357
0,6965,2514,3212,2021,3,220
0,6942,676,1083,2018,3,360
0,6940,450,3907,2020,3,49
0,6939,1716,4481,2018,3,195
1,6936,1066,1362,2018,2,305
0,6913,29,4321,2019,1,363
0,6912,1147,2361,2012,0,314
1,6850,1066,4832,2019,3,141
1,6904,1066,184,2020,2,49
0,6903,928,1362,2015,2,292
0,6897,3515,4898,2019,3,412
0,6888,4131,5500,2019,3,412
0,6861,3016,4096,2014,3,47
0,6849,3000,4239,2021,3,86
0,6847,2750,3769,2020,3,61
0,6845,2750,3769,2020,3,61
1,6784,1066,1362,2017,2,3
1,6834,1066,4401,2020,3,220
0,6814,620,1878,2019,1,414
0,6811,1122,1143,2013,2,445
1,6809,1066,237,2019,2,357
0,6803,2075,833,2020,3,275
1,6800,1066,3846,2014,2,220
0,6780,1843,2444,2017,1,303
0,6731,81,102,2021,3,305
0,6720,462,611,2008,0,30
0,6716,3483,384,2019,3,249
0,6697,318,2180,2012,0,61
0,6688,1809,210,2017,3,236
0,6683,836,2303,2007,3,262
0,6680,3228,1240,2019,3,275
0,6675,4108,4278,2018,3,339
1,6672,1066,2364,2014,1,414
1,6666,1066,4348,2015,2,449
1,6662,1066,5546,2017,2,439
1,6646,1066,2879,2019,1,128
0,6643,1855,2496,2015,2,55
0,6642,3313,5268,2011,3,191
1,6631,1066,550,2019,3,357
0,6624,2416,1313,2021,3,357
0,6622,3135,4638,2019,1,337
1,6612,1066,1362,2020,1,128
1,6610,1066,5221,2019,3,369
1,6604,1066,1362,2014,2,439
0,6587,1066,1362,2007,3,428
1,6586,1066,4273,2018,1,414
0,6581,3172,2300,2019,3,0
0,6568,2243,2274,2021,1,312
0,6553,2259,4513,2019,3,305
0,6550,1412,1771,2020,2,255
0,6520,2470,1362,2012,1,439
0,6518,2470,1362,2012,1,305
1,6516,1066,1362,2014,2,439
0,6513,270,5108,2012,3,275
1,6510,1066,3109,2020,3,357
1,6506,1066,4198,2020,3,370
0,6504,1946,1362,2007,3,305
0,6494,3317,1100,2011,3,299
0,6493,3335,4653,2019,0,220
1,6457,1066,5607,2020,3,357
1,6437,1066,4098,2019,3,30
1,6436,1066,1078,2019,3,443
0,6421,2951,2408,2012,0,400
0,6412,2542,347,2019,1,414
0,6407,1231,1709,2015,3,314
0,6391,992,5192,2015,2,233
0,6390,1270,3854,2014,3,363
0,6387,1859,5214,2019,0,357
1,6371,1066,213,2019,3,305
0,6368,1752,5184,2008,3,54
0,6340,638,2602,2008,0,391
1,6338,1066,1362,2018,2,449
0,6337,1066,1362,2007,3,428
0,6328,1492,1362,2014,1,275
1,6298,1066,1485,2012,1,287
0,6275,3889,1362,2015,1,414
1,6259,1066,4017,2014,3,449
0,6250,3933,5314,2019,3,88
0,6246,1066,1362,2007,3,428
1,6226,1066,3440,2017,3,220
1,6221,1066,707,2016,3,369
1,6216,1066,1869,2017,2,449
0,6205,558,809,2013,3,400
0,6203,2418,1291,2012,2,18
1,6197,1066,2874,2014,3,325
1,6193,1066,1362,2017,2,305
1,6192,1066,3436,2014,2,305
0,6184,984,894,2019,3,361
0,6182,2422,1362,2011,1,223
0,6164,2364,2060,2009,3,314
0,6155,416,1362,2007,3,428
1,6153,1066,3197,2019,3,431
1,6140,1066,3437,2017,3,325
1,6136,1066,2418,2017,3,327
0,6120,2324,1481,2020,3,275
0,6113,2328,5658,2020,3,357
0,6103,1060,1271,2010,0,314
0,6093,221,4477,2020,0,86
0,6070,3966,3999,2008,2,220
0,6031,1066,1865,2011,1,314
0,6029,3759,4460,2019,0,49
1,6023,1066,4350,2020,3,224
1,5999,1066,4400,2020,3,402
0,5998,3282,4083,2013,3,276
1,5989,1066,4792,2020,3,54
0,5978,2181,3829,2016,3,305
1,5973,1066,3622,2019,3,314
1,5963,1066,2049,2011,2,314
1,5952,1066,228,2017,3,275
0,5942,3024,624,2015,3,275
0,5909,2651,2343,2019,1,287
1,5903,1066,2997,2018,3,453
0,5896,238,3882,2016,3,404
0,5879,2304,994,2005,2,314
0,5873,319,4299,2019,3,391
0,5872,3873,3605,2014,1,357
0,5871,1084,1362,2016,1,128
0,5870,1939,1953,2013,2,318
0,5841,3568,3142,2020,3,275
0,5641,2453,98,2019,1,220
1,5829,1066,1362,2018,3,449
1,5825,1066,4698,2018,3,443
0,5817,1066,1362,2007,3,428
1,5810,1066,1362,2006,2,230
0,5802,1228,4675,2008,2,182
0,5784,1066,1362,2007,3,428
0,5781,612,4579,2014,3,275
1,5779,1066,2873,2018,3,449
1,5773,1066,4105,2017,2,449
0,5746,328,1881,2020,3,314
0,5733,3881,5166,2020,1,0
0,5722,2743,742,2014,1,147
1,5714,1066,1362,2016,1,414
1,5713,1066,3136,2021,3,314
1,5700,1066,1362,2005,3,97
0,5695,2529,1362,2019,1,128
0,5689,1240,1447,2016,3,305
1,5680,1066,4565,2021,3,314
1,5669,1066,4307,2020,3,436
0,5656,2725,4150,2019,3,254
0,5627,2470,2926,2017,1,429
0,5624,3806,933,2019,3,0
0,5623,3809,933,2019,3,0
0,5617,620,1362,2019,1,414
1,5590,1066,4795,2018,3,275
1,5586,1066,3127,2013,2,439
0,5578,2758,3723,2019,2,223
0,5573,590,1362,2019,1,121
0,5570,590,1362,2019,3,121
1,5561,1066,1362,2016,3,449
1,5559,1066,1362,2018,1,128
0,5542,3603,452,2018,3,337
0,5526,924,3187,2006,0,86
1,5510,1066,836,2015,3,373
0,5507,360,4548,2019,1,128
1,5500,1066,1362,2011,2,449
0,5494,810,4486,2012,0,244
1,5488,1066,4998,2010,2,305
1,5460,1066,4697,2005,2,436
0,5455,1057,1742,2021,3,275
0,5408,959,4622,2019,3,330
0,5401,2470,1362,2017,1,439
0,5398,2360,2761,2018,3,249
0,5391,2130,410,2015,2,152
0,5386,623,658,2020,2,237
0,5375,2580,484,2020,3,417
0,5367,3970,3659,2012,2,30
0,5365,1066,1362,2007,3,428
1,5338,1066,4217,2019,3,413
0,5334,2753,4916,2007,3,154
0,5322,3865,4563,2019,3,337
0,5309,620,1362,2019,1,414
0,5306,620,1878,2019,1,414
1,5291,1066,3489,2014,2,314
0,5285,1516,455,2020,3,447
0,5274,2561,2816,2018,0,13
0,5265,3156,1362,2016,3,337
1,5261,1066,2431,2011,1,275
1,5049,1066,2024,2018,2,73
0,5244,4086,2843,2011,3,314
0,5240,1068,4800,2018,3,191
0,5232,300,2054,2017,3,34
0,5225,739,1362,2013,3,305
1,5216,1066,1993,2018,2,449
0,5199,2940,4557,2021,1,226
0,5196,2752,1554,2019,3,350
0,5171,3857,3196,2020,0,453
1,5167,1066,722,2019,3,305
1,5161,1066,2292,2019,2,305
1,5160,1066,4517,2014,3,305
0,5145,2470,413,2016,1,389
0,5142,2706,1362,2016,3,305
1,5136,1066,5625,2010,2,220
1,5133,1066,5047,2016,2,369
0,5132,3194,4742,2020,3,314
1,5129,1066,1362,2010,3,414
1,5119,1066,5157,2012,1,128
0,5114,3772,3069,2019,3,314
0,5110,1781,3042,2019,0,369
0,5080,2617,1893,2017,2,314
0,5057,3790,4136,2019,3,69
0,5056,3790,4136,2019,3,69
0,5055,3790,4136,2019,3,69
0,4802,89,2762,2018,3,9
0,5038,3214,4829,2019,3,69
0,5018,1436,1740,2015,3,220
1,5015,1066,4656,2005,3,369
0,4988,3883,2961,2015,3,314
1,4987,1066,5118,2019,3,414
0,4982,238,3074,2015,3,400
0,4940,1513,1995,2015,0,220
1,4939,1066,4366,2018,1,305
1,4938,1066,4365,2007,2,439
1,4937,1066,4365,2016,2,439
1,4936,1066,4365,2013,3,439
1,4935,1066,4365,2009,3,439
1,4931,1066,4346,2012,3,305
1,4928,1066,3496,2020,3,314
0,4879,1249,3385,2015,3,0
0,4870,3876,4966,2011,3,86
1,4864,1066,1362,2016,3,305
1,4860,1066,1362,2014,1,128
1,4856,1066,1151,2017,3,141
0,4837,1968,4249,2017,0,428
1,4821,1066,537,2014,2,449
1,4811,1066,4193,2013,2,439
0,4807,2594,219,2018,3,341
1,4777,1066,5644,2020,3,49
1,4772,1066,5034,2020,3,226
1,4760,1066,1198,2012,3,314
1,4457,1066,463,2020,3,449
1,4757,1066,1362,2013,2,449
0,4744,3470,1381,2020,3,11
1,4740,1066,4123,2013,3,314
0,4738,1380,3626,2017,3,436
1,4728,1066,1362,2017,2,329
0,4726,1618,1362,2017,1,428
1,4456,1066,2599,2017,3,275
1,4717,1066,3636,2018,3,369
0,4699,3932,2409,2009,0,369
1,4697,1066,1362,2012,1,414
1,4678,1066,116,2019,3,325
1,4674,1066,198,2016,3,443
0,4671,161,1362,2018,1,128
1,4670,1066,3677,2020,1,414
1,4667,1066,1362,2015,1,128
1,4660,1066,2919,2010,3,233
1,4649,1066,1362,2018,3,449
1,4633,1066,1362,2021,1,128
1,4631,1066,1362,2021,1,128
1,4630,1066,1362,2015,1,128
1,4627,1066,1362,2021,1,128
1,4622,1066,1362,2017,1,128
1,4621,1066,1362,2021,1,128
0,4617,3069,1362,2017,1,128
1,4614,1066,1362,2014,1,128
1,4610,1066,1362,2015,1,128
1,4608,1066,1362,2021,1,128
1,4605,1066,1362,2017,1,414
1,4603,1066,1362,2019,1,128
1,4602,1066,1362,2019,1,128
1,4601,1066,1362,2016,1,128
0,4594,3549,2604,2017,3,86
0,4586,3291,3814,2019,2,339
0,4576,372,5201,2013,3,231
1,4573,1066,2484,2015,3,449
0,4565,3969,612,2007,0,324
0,4555,1163,2827,2020,3,369
1,4551,1066,1362,2013,1,414
0,4547,512,430,2020,3,314
0,4539,1411,4045,2018,3,191
1,4537,1066,1362,2019,3,449
0,4534,3131,1380,2020,1,49
1,4532,1066,950,2018,3,369
1,4530,1066,613,2018,0,314
0,4527,1839,63,2016,0,226
0,4521,2856,1456,2019,3,305
1,4513,1066,1362,2012,2,449
1,4482,1066,2464,2020,3,449
1,4478,1066,5422,2012,1,414
0,4467,958,621,2020,2,447
0,4449,213,4849,2009,1,357
0,4448,1066,1362,2011,3,428
1,4422,1066,5128,2014,0,361
1,4393,1066,5210,2017,3,220
0,4378,3716,1362,2020,3,43
0,4349,2316,5155,2013,3,275
0,4346,3661,5179,2018,1,119
0,4344,3777,4766,2016,2,18
1,4330,1066,1362,2015,2,305
0,4311,620,1878,2018,1,414
0,4309,620,1878,2018,1,414
0,4322,1051,1362,2018,1,414
1,4318,1066,1362,2019,1,414
0,4308,1918,114,2013,1,414
0,4306,1918,3728,2015,1,416
0,4304,3670,3728,2016,1,414
1,4160,1066,4004,2018,2,449
0,4261,1516,455,2020,3,447
0,4260,1516,455,2020,3,447
0,4234,2693,3871,2020,3,191
1,4233,1066,2460,2016,3,284
1,4188,1066,1362,2015,3,305
0,4148,2218,3761,2019,3,0
1,4117,1066,4081,2020,3,307
1,4114,1066,1917,2021,3,233
1,4109,1066,1362,2017,2,251
1,4083,1066,2786,2019,3,310
1,4061,1066,5258,2015,3,443
0,4050,2215,4151,2020,3,182
1,4047,1066,4489,2019,3,128
0,4042,1514,1362,2013,3,305
0,4040,3947,1252,2015,3,275
0,4039,773,1495,2006,2,26
0,4032,3115,5412,2007,3,405
0,4021,360,1362,2020,1,128
0,4019,360,4548,2020,1,128
0,4016,360,1362,2019,1,128
0,4009,360,4548,2019,1,128
0,3999,2861,5661,2020,3,344
1,3994,1066,967,2015,2,220
0,3993,343,1292,2016,3,244
0,3987,1066,1362,2011,3,428
1,3966,1066,1362,2015,1,127
1,3965,1066,1362,2014,1,449
1,3947,1066,4104,2007,1,418
1,3929,1066,5106,2020,3,357
1,3924,1066,2893,2011,3,443
0,3915,360,1362,2019,1,128
0,3903,2470,1362,2017,1,439
0,3897,1113,3577,2005,3,306
0,3896,2414,3589,2010,3,191
0,3862,2377,4186,2017,3,220
0,3837,1734,238,2016,2,80
0,3684,254,3242,2020,3,215
0,3832,893,1362,2020,1,128
0,3823,3757,3438,2015,3,191
0,3821,3292,4924,2019,3,314
0,3819,2326,5446,2021,3,314
0,3817,2326,5446,2021,3,314
0,3815,2326,5446,2021,3,314
1,3813,1066,1362,2017,3,449
1,3802,1066,1362,2010,1,414
0,3791,886,1362,2019,1,220
0,3785,3197,4405,2006,2,184
0,3783,3318,3335,2020,3,191
0,3782,1992,3335,2014,3,191
1,3777,1066,3318,2018,2,314
0,3761,411,3223,2017,3,360
0,3757,4133,4244,2020,3,391
1,3753,1066,1802,2015,3,220
0,3752,51,951,2017,3,363
0,3737,3451,4991,2020,3,275
0,3736,1066,1362,2011,3,428
0,3731,1831,3040,2014,1,5
1,3683,1066,5624,2018,3,449
0,3718,3919,1362,2013,3,275
1,3716,1066,3264,2020,1,389
0,3702,27,821,2018,3,275
0,3695,602,5036,2017,3,409
0,3669,597,5083,2011,3,229
1,3662,1066,3213,2018,3,275
0,3658,3112,3694,2019,3,49
0,3657,3112,3694,2019,3,49
0,3655,3123,4179,2006,3,61
0,3641,1654,1467,2020,2,262
0,3642,3836,2251,2017,2,375
0,3628,2492,1731,2011,3,314
0,3618,3298,3209,2016,3,314
1,3635,1066,229,2013,3,226
0,3603,2997,5672,2019,0,314
1,3596,1066,1090,2010,3,314
1,3591,1066,4660,2008,2,314
1,3589,1066,2812,2017,3,128
1,3385,1066,1667,2019,3,220
0,3570,1431,2840,2013,3,275
1,3568,1066,3130,2016,2,449
0,3553,3265,1362,2019,1,418
0,3532,2358,3159,2016,1,414
0,3529,3756,17,2019,0,1
1,3518,1066,1362,2012,2,305
1,3511,1066,1362,2013,1,305
0,3505,620,1362,2019,1,414
1,3500,1066,1215,2015,1,305
1,3475,1066,1735,2015,2,449
0,3469,3004,4811,2016,3,314
0,3459,1066,1362,2019,1,414
1,3457,1066,1362,2017,1,131
0,3456,1066,1362,2019,1,418
0,3454,3770,1362,2020,1,414
0,3452,4225,3445,2015,1,414
1,3439,1066,1362,2017,3,308
0,3431,1154,4423,2017,0,13
1,3368,1066,1821,2017,2,449
0,3341,1677,291,2021,3,391
0,3288,886,1362,2019,3,255
0,3274,1724,2892,2012,3,191
0,3272,1724,2885,2014,3,191
1,3264,1066,1362,2019,3,449
0,3241,2978,1362,2018,1,305
0,3218,2943,2755,2018,1,6
1,3212,1066,1362,2016,0,141
0,3203,2086,5051,2019,3,69
0,3199,2932,5046,2018,3,10
0,3186,3095,5588,2018,3,69
0,3166,2470,1362,2016,1,305
0,3148,2470,1362,2020,1,305
0,3142,1066,1362,2008,3,428
0,3124,1066,1362,2011,3,428
1,3121,1066,2454,2020,3,181
0,3113,127,2428,2019,3,191
0,3080,3414,2293,2015,3,191
0,3066,1724,2234,2016,3,191
1,3058,1066,2203,2020,3,451
1,3056,1066,2199,2013,1,439
0,3053,3119,5401,2018,3,337
0,3049,3424,2699,2019,1,69
0,3048,3424,2699,2019,1,69
0,3043,1223,2118,2018,3,301
0,3018,778,1787,2020,3,275
0,3014,331,4771,2019,3,341
1,2891,1066,2740,2018,3,449
0,2982,2608,5156,2020,3,436
1,2971,1066,251,2018,3,193
0,2954,4000,1022,2017,3,437
0,2889,4027,1147,2020,3,360
0,2949,1580,5428,2010,3,191
0,2945,1969,3862,2017,0,447
0,2934,3046,1362,2016,3,275
0,2933,3851,2985,2017,0,94
0,2928,3900,2155,2020,3,220
0,2916,1967,2067,2019,3,223
1,2910,1066,943,2018,3,272
0,2903,3912,4021,2007,0,34
1,2872,1066,1362,2015,2,449
0,2860,3960,2340,2011,1,295
1,2859,1066,2878,2017,3,233
0,2835,2976,4487,2016,0,76
1,2832,1066,4414,2012,3,32
1,2830,1066,1362,2018,0,305
1,2828,1066,150,2020,3,99
1,2794,1066,1486,2020,0,307
0,2788,2626,5416,2016,0,62
1,2780,1066,962,2015,3,255
1,2763,1066,4599,2017,2,327
0,2761,1066,1362,2011,3,428
1,2751,1066,1362,2017,2,143
1,2750,1066,4426,2008,2,281
0,2745,3834,2760,2019,3,249
0,2733,556,94,2007,0,80
0,2712,2924,4880,2019,3,54
0,2701,4008,4243,2018,3,408
0,2688,102,449,2017,3,102
0,2680,2159,1475,2017,3,275
0,2657,74,433,2018,3,305
1,2655,1066,3,2018,3,195
0,2646,1017,4027,2006,0,369
1,2633,1066,1654,2020,3,61
1,2621,1066,1362,2006,2,220
1,2610,1066,839,2010,2,414
0,2600,3693,4168,2020,3,369
0,2594,2470,1362,2017,1,429
0,2590,3789,4222,2019,3,249
1,2587,1066,2929,2010,3,128
1,2354,1066,1362,2016,3,451
0,2580,2532,1362,2011,3,275
0,2575,3926,1362,2008,3,275
1,2568,1066,4667,2014,2,443
0,2553,2399,4521,2019,1,412
0,2544,2470,1362,2019,1,305
0,2540,2069,4869,2017,3,374
1,2525,1066,1362,2018,1,414
1,2534,1066,3607,2019,3,227
0,2530,1838,3227,2010,2,220
1,2528,1066,1811,2016,3,314
1,2513,1066,1362,2017,3,449
1,2510,1066,1362,2018,1,18
1,2502,1066,5620,2020,1,388
0,2496,2839,1362,2019,1,414
0,2494,2754,1362,2021,1,414
1,2477,1066,1362,2015,2,226
0,2476,790,4977,2016,0,308
1,2458,1066,1850,2020,3,220
0,2439,2873,1362,2014,1,414
0,2430,1857,3796,2020,3,233
0,2421,1666,3129,2020,3,220
0,2415,2470,1362,2016,1,439
1,2411,1066,5269,2014,3,56
0,2410,2399,4683,2018,3,201
0,2408,1066,1362,2019,1,414
0,2386,1681,4035,2015,3,275
0,2348,154,4722,2018,3,30
1,2147,1066,130,2018,3,339
1,2329,1066,1362,2018,2,305
0,2325,3544,2488,2020,3,226
1,2320,1066,5103,2016,2,220
1,2314,1066,3499,2019,3,281
0,2312,3514,487,2019,3,249
0,2307,506,2718,2020,3,226
0,2300,236,2044,2009,3,275
1,2299,1066,4687,2020,3,229
0,2279,2898,2262,2015,3,81
1,2271,1066,1777,2017,2,267
1,2265,1066,944,2013,2,449
1,2264,1066,1294,2014,2,284
0,2260,3304,4761,2018,3,391
1,2257,1066,4114,2019,3,220
0,2234,2051,4775,2017,3,343
1,2229,1066,916,2017,2,449
0,2222,1066,1362,2011,3,428
1,2219,1066,1362,2017,3,275
0,2205,1066,1362,2011,3,428
1,2196,1066,4417,2014,0,281
0,2195,2478,1676,2020,3,85
1,2181,1066,2550,2007,2,449
0,2180,2341,650,2013,3,199
0,2176,949,5111,2020,3,335
1,2173,1066,1257,2018,2,436
1,2166,1066,5403,2020,3,421
0,2158,3964,963,2012,3,357
0,2148,4066,5242,2020,3,400
0,1964,1066,1362,2011,3,428
0,2085,2064,1362,2006,3,275
1,2057,1066,3110,2011,3,337
0,2023,2852,1576,2015,3,275
1,2020,1066,3358,2014,3,276
0,2012,681,1362,2020,1,428
0,2004,915,3344,2021,3,436
0,1988,2690,5191,2015,3,275
0,1987,3660,4803,2019,3,49
1,1975,1066,1362,2019,3,181
0,1970,962,4790,2015,3,260
0,1966,1066,4494,2011,1,314
0,1950,1559,1500,2016,3,191
0,1937,1923,5226,2019,3,305
0,1935,1066,1362,2011,3,428
1,1933,1066,120,2018,3,449
0,1915,1919,2317,2012,0,49
0,1905,1895,1468,2016,3,191
1,1884,1066,1461,2007,1,414
0,1861,416,1362,2008,3,428
0,1853,2494,343,2011,0,220
1,1641,1066,1362,2017,3,449
1,1836,1066,1645,2010,1,128
0,1831,2530,1238,2014,3,108
0,1830,1604,3618,2020,3,414
0,1821,2194,1362,2017,1,128
1,1817,1066,1362,2018,3,449
1,1816,1066,4959,2016,2,314
0,1813,2315,1392,2012,2,305
1,1811,1066,4058,2019,3,314
0,1807,3131,1380,2020,1,49
1,1801,1066,3541,2013,0,369
0,1799,57,3202,2017,3,400
1,1788,1066,3249,2017,2,220
0,1781,3589,4302,2017,2,369
1,1779,1066,1362,2008,1,414
0,1762,3754,1996,2014,0,314
0,1756,2414,1333,2011,3,191
0,1754,1331,1362,2017,3,275
0,1747,2238,2992,2008,3,283
0,1745,484,5435,2019,3,57
0,1738,1066,1362,2011,3,428
0,1706,2412,3824,2018,3,54
1,1701,1066,3595,2019,3,399
0,1682,9,4232,2020,3,54
0,1659,3465,1175,2016,3,191
0,1656,1066,1362,2011,3,428
0,1626,1066,1362,2011,3,428
1,1605,1066,4067,2019,3,449
1,1604,1066,2656,2018,2,275
1,1601,1066,5468,2015,0,449
0,1594,3061,4355,2018,3,334
1,1590,1066,1725,2019,3,374
0,1583,891,3364,2008,3,329
1,1579,1066,1128,2018,2,369
0,1577,3703,2435,2008,3,275
0,1574,1337,623,2007,3,86
1,1573,1066,1362,2008,3,305
1,1566,1066,1362,2019,1,414
0,1565,466,617,2016,0,361
1,1560,1066,1984,2014,2,284
0,1563,1187,322,2005,3,226
1,1552,1066,1120,2019,3,449
0,1546,921,5218,2017,3,314
1,1542,1066,1362,2015,2,284
1,1540,1066,2186,2019,0,362
1,1535,1066,2663,2018,1,389
1,1534,1066,834,2019,3,414
0,1533,1203,5255,2019,3,80
0,1529,3325,3987,2013,3,305
0,1525,2858,1142,2017,3,369
1,1507,1066,1362,2013,2,305
0,1214,13,622,2021,3,314
1,1493,1066,2501,2015,2,449
0,1491,113,172,2016,3,296
0,1490,1372,1788,2020,3,0
1,1480,1066,1362,2006,3,16
0,1474,1724,1084,2015,3,191
0,1473,2519,1923,2018,2,301
0,1468,1674,1592,2014,0,333
0,1441,1066,1362,2017,1,379
0,1399,1215,2229,2017,3,357
0,1393,1531,1362,2019,1,128
0,1390,1531,1578,2019,1,128
0,1388,1724,987,2014,3,191
1,1383,1066,955,2016,2,449
0,1374,1753,4428,2015,0,314
1,1365,1066,1362,2015,2,439
0,1361,3489,492,2019,3,249
0,1353,1192,921,2019,3,275
0,1350,2836,2829,2019,3,306
0,1346,1490,4236,2020,3,226
1,1329,1066,662,2017,3,281
1,1321,1066,3156,2019,3,449
0,1309,1432,1488,2007,0,0
1,1303,1066,5638,2021,3,226
1,1298,1066,3342,2006,3,449
1,1293,1066,714,2011,2,284
1,1282,1066,3281,2015,3,447
0,1279,3413,4536,2014,3,61
1,1278,1066,4386,2019,3,262
0,1265,2847,4712,2020,3,62
1,1259,1066,1362,2020,1,128
1,1256,1066,1226,2017,2,284
1,1255,1066,943,2016,3,43
0,1253,2317,5348,2014,3,30
0,1245,265,356,2015,3,439
1,1229,1066,265,2020,1,128
0,1218,238,3075,2017,3,400
1,1186,1066,2421,2020,3,226
0,1159,3093,5185,2020,3,391
0,1152,4015,4076,2019,3,236
1,1149,1066,1069,2020,3,307
1,1148,1066,1362,2018,2,449
0,1138,1724,732,2017,3,191
0,1135,2334,704,2007,2,0
0,1130,3022,3661,2018,3,220
1,1127,1066,1362,2020,1,128
0,1125,1403,1341,2017,1,308
0,1112,3532,709,2016,3,182
0,1109,2736,5019,2015,3,423
0,1096,781,3968,2017,3,305
1,1060,1066,4356,2017,3,369
0,1050,4046,2962,2010,0,0
0,1030,2754,5017,2020,1,414
1,1025,1066,5016,2016,1,418
0,1003,2327,1362,2019,3,293
0,1000,2952,1430,2018,0,1
0,992,482,2848,2019,3,275
0,987,3674,1362,2020,3,275
0,974,2414,671,2011,3,191
0,964,730,977,2020,3,68
0,941,483,5418,2020,3,392
1,919,1066,5628,2018,2,220
1,914,1066,2482,2014,0,220
0,904,3780,1836,2005,3,6
0,902,1535,1362,2018,1,275
0,898,878,3919,2013,0,391
1,839,1066,158,2008,2,449
0,837,2870,2517,2019,3,54
0,835,4001,5520,2021,3,452
1,831,1066,1362,2013,2,284
1,826,1066,1362,2018,1,128
1,820,1066,214,2015,3,220
0,818,2086,5051,2019,3,69
1,813,1066,1362,2013,1,414
1,802,1066,4395,2014,2,307
1,781,1066,2914,2018,1,128
1,775,1066,1362,2018,1,128
0,769,2754,1362,2019,1,414
1,764,1066,1362,2018,2,284
1,741,1066,1989,2020,2,449
1,739,1066,1362,2008,1,414
0,737,1993,3195,2016,0,247
0,733,126,4720,2007,3,275
1,722,1066,1362,2017,2,449
1,717,1066,2112,2015,3,80
0,695,2113,512,2019,3,220
0,675,1066,1362,2020,1,128
0,674,1066,1362,2020,1,128
0,672,1066,1362,2020,1,128
0,669,1066,1362,2020,1,128
0,667,1066,1362,2020,1,128
0,660,2470,1362,2016,1,439
1,656,1066,1362,2017,2,3
0,647,1066,1362,2011,3,427
0,644,3324,2588,2006,3,314
0,624,2149,939,2020,3,226
0,594,4227,355,2018,3,191
0,590,2683,341,2016,1,428
1,581,1066,2748,2018,3,341
0,569,635,1322,2020,3,281
0,567,2792,3425,2019,3,226
1,560,1066,1362,2015,2,275
1,556,1066,2036,2017,3,281
1,549,1066,1362,2016,3,313
0,535,439,1669,2018,0,49
1,534,1066,1362,2017,2,305
1,530,1066,5610,2012,2,450
1,527,1066,3160,2019,3,305
1,519,1066,1362,2020,3,182
0,517,2310,2259,2014,3,220
0,508,2414,243,2011,3,191
1,502,1066,1362,2016,0,449
0,482,1043,4084,2020,3,314
1,480,1066,5088,2018,3,309
1,467,1066,1362,2015,1,128
1,461,1066,223,2019,3,181
0,458,1066,1362,2011,3,428
0,448,3968,3603,2017,3,314
0,447,1895,149,2015,3,191
0,443,180,2100,2017,3,310
0,407,3131,1380,2020,1,49
1,399,1066,5254,2018,3,30
0,379,2302,3104,2016,3,220
1,373,1066,4940,2020,3,49
0,371,1823,540,2014,0,226
0,337,4168,5178,2018,1,128
0,353,2825,1362,2017,3,211
0,316,2470,3851,2013,1,439
0,291,4195,5232,2020,3,262
0,279,2470,1362,2012,1,439
0,278,3972,1703,2020,3,400
0,269,4182,3228,2011,2,368
1,265,1066,2392,2017,3,302
0,254,4151,3330,2009,2,314
0,248,3768,5013,2019,3,275
1,243,1066,2868,2016,3,262
0,237,3632,1362,2015,1,147
0,235,1978,478,2014,3,314
0,226,2212,5457,2017,3,314
0,223,2170,4999,2010,3,49
0,219,1323,1362,2018,3,262
0,212,3242,3374,2017,3,314
0,208,1679,2308,2007,3,226
0,198,2470,412,2020,1,439
1,161,1066,2905,2018,0,449
0,157,1954,2576,2017,3,275
0,155,1066,1457,2020,1,439
0,152,988,1362,2018,1,305
0,150,1847,1362,2017,1,439
0,145,2470,1362,2020,1,439
1,131,1066,1362,2015,3,305
0,130,1155,3366,2014,2,368
1,122,1066,1362,2019,3,449
1,117,1066,1362,2019,3,449
1,114,1066,1362,2019,3,449
1,113,1066,1362,2019,3,449
1,112,1066,1362,2019,3,449
0,105,3917,5616,2019,3,220
0,100,1066,3264,2018,1,386
0,94,1066,3264,2019,1,386
0,84,1066,3264,2017,1,386
0,70,1066,3264,2016,1,386
0,67,1066,3264,2018,1,386
0,55,1066,3264,2019,1,386
0,45,1066,1457,2020,1,439
0,43,2470,412,2020,1,439
0,36,4133,4244,2020,3,391
0,32,3729,1317,2015,0,13
0,29,4039,285,2018,3,226
1,6,1066,1362,2019,1,428
1,7205,1066,649,2017,2,451
0,7122,4195,2432,2018,2,390
0,6236,235,1297,2012,3,275
0,6157,3323,5541,2019,0,330
0,5797,2239,2105,2017,3,226
0,5759,1981,3608,2014,3,7
0,5580,3907,1362,2016,1,275
0,5355,3920,4465,2020,0,400
0,5246,2424,5281,2020,3,226
0,4181,1773,5537,2011,0,4
0,4003,2229,3064,2009,2,308
0,3925,433,5542,2016,2,314
1,3386,1066,3243,2021,3,220
0,2974,1007,1651,2005,3,447
0,2825,2170,4965,2010,0,13
0,2796,98,354,2007,2,269
0,2604,1707,1201,2020,0,0
0,2425,3384,4467,2015,3,165
0,2125,3539,1366,2020,3,86
0,1938,2851,986,2015,0,220
0,1876,1475,2480,2018,0,156
0,1764,186,4762,2016,3,305
0,1500,1921,2542,2014,3,220
0,1466,442,5311,2020,3,61
0,245,2170,5003,2014,0,86
0,87,1066,3264,2020,1,386
0,6844,2750,3769,2020,3,61
0,6410,3833,1362,2015,3,275
0,4858,2276,4744,2011,3,314
0,3938,2118,2800,2015,3,369
0,3865,714,3229,2012,0,49
1,2582,1066,1362,2013,3,4
0,1679,2414,1221,2010,3,191
0,1376,3280,941,2016,1,275
0,649,2405,4899,2019,3,229
0,643,4077,4227,2021,3,400
0,433,4260,5387,2008,3,220
0,7174,2470,1471,2019,1,439
0,7007,806,2712,2014,3,275
0,6953,1415,3679,2009,0,400
0,6889,1789,1321,2015,0,1
0,6693,1846,1362,2016,1,439
0,6248,985,4671,2018,3,266
0,6159,1065,1652,2011,2,131
0,5934,3955,5175,2010,3,275
0,5881,1614,2117,2020,3,36
0,5861,3748,3401,2012,1,128
0,5735,4096,5050,2018,3,4
0,5532,4189,2204,2018,3,369
0,5313,1918,3119,2015,1,414
0,5103,2723,2516,2018,3,9
0,5087,2738,4315,2018,3,66
0,4892,2712,4280,2017,3,275
0,4825,789,2839,2016,3,414
0,4725,2961,332,2018,0,334
0,4435,1366,2250,2019,2,380
0,4419,2844,5217,2018,3,275
0,4170,2716,4189,2014,3,275
0,4136,3455,4597,2013,2,220
0,3787,583,3347,2019,3,191
0,3701,611,1393,2008,2,41
0,3612,4007,2624,2015,3,61
0,3564,961,882,2013,2,343
0,3531,1724,3158,2015,3,191
0,3470,834,2934,2005,2,50
0,3271,3252,3128,2015,3,191
0,2735,799,1518,2013,0,220
0,2639,641,5338,2016,0,270
0,2571,1230,1895,2020,3,182
0,2542,3894,1873,2019,3,69
0,2334,2762,4171,2017,3,249
0,2251,4072,1515,2019,3,18
0,2105,2470,1362,2016,1,439
0,2104,4083,87,2019,3,337
0,2048,2322,3606,2016,0,243
0,1739,2020,5137,2021,3,391
0,1734,2704,1014,2011,1,139
0,1631,1724,1145,2014,3,191
0,1345,384,819,2017,3,226
0,1262,1846,1362,2015,1,305
0,1242,3862,1846,2016,3,150
0,1123,2161,2858,2014,3,305
0,1104,2470,1362,2017,1,439
0,1101,3197,159,2008,2,235
0,1036,1142,4990,2018,3,275
0,610,2414,377,2013,3,191
0,538,1060,2442,2019,0,447
0,421,1053,1057,2014,0,400
0,85,1066,3264,2020,1,386
0,57,1066,3264,2016,1,386
0,6923,413,1362,2012,1,414
0,6754,3153,4894,2018,3,394
0,6024,2713,1440,2007,0,400
0,5767,3959,1702,2019,2,103
0,5515,3663,1435,2018,0,86
0,4462,2414,3979,2006,3,191
0,4103,2692,2382,2020,3,220
0,3860,572,4706,2015,2,314
0,3489,620,1362,2019,1,414
0,2776,1321,1028,2021,3,314
0,1347,1490,4236,2020,3,226
0,571,116,296,2016,1,135
0,5732,720,4701,2014,3,214
0,5639,23,3007,2019,1,414
0,5025,4183,668,2014,0,226
1,4366,1066,5525,2013,2,283
0,4197,624,1087,2020,3,61
0,3427,2004,2895,2006,3,357
0,2623,1066,935,2014,0,314
0,2416,3357,1817,2008,3,182
0,646,1383,5186,2020,3,209
0,221,4250,2507,2013,1,414
0,99,1066,3264,2018,1,386
0,6594,4142,3376,2015,3,350
0,5603,2346,1155,2018,0,381
0,4582,1696,5527,2012,0,59
0,2787,2524,771,2018,3,66
0,2706,1423,1362,2013,3,305
0,2595,3636,283,2020,3,405
0,2520,1592,24,2018,3,49
1,2366,1066,4593,2021,3,449
0,2090,1914,5074,2019,0,1
0,2084,4262,5677,2018,3,156
0,686,3736,4958,2020,3,275
0,608,620,1362,2019,1,414
0,451,1894,157,2019,3,301
0,6588,2470,1362,2017,1,305
0,5497,446,1718,2015,3,369
1,2285,1066,2030,2021,3,361
0,1655,1164,562,2018,3,61
0,6547,1044,1349,2020,3,275
0,6526,476,4902,2012,1,91
0,5806,436,664,2014,0,0
0,5541,1754,2314,2011,3,314
0,4995,937,752,2020,3,275
0,4434,2649,2171,2013,3,337
0,4134,2530,2605,2018,3,10
1,3533,1066,4178,2019,3,57
0,3441,2755,3065,2021,1,128
0,2656,3325,1477,2018,3,275
0,2561,2973,3183,2017,3,315
0,2417,3357,1817,2007,3,183
0,1983,2591,2224,2013,0,369
0,1852,2470,1362,2016,1,439
0,1705,2949,1919,2016,3,314
0,457,3696,199,2019,3,186
0,93,1066,3264,2018,1,386
0,75,1066,3264,2019,1,386
0,7159,1569,288,2018,0,1
0,6217,2665,443,2018,3,200
0,6067,1881,4903,2017,3,314
0,4142,2378,558,2020,3,314
0,2819,2986,1260,2013,3,305
0,2188,620,1362,2019,1,414
0,2056,3107,2139,2021,3,357
0,1698,1612,2882,2015,3,399
0,7164,1515,4629,2019,3,337
0,7079,3322,4410,2015,0,373
0,6718,478,5477,2020,2,414
0,6342,371,1362,2016,2,314
0,6168,1917,1513,2007,1,314
0,6154,2005,3079,2020,0,6
0,5613,248,4809,2012,0,369
0,5229,300,2057,2014,3,66
0,4493,2658,895,2018,0,6
0,3548,620,1362,2019,1,414
0,3468,560,2455,2012,3,275
0,3405,970,2522,2019,3,275
0,1111,4122,2942,2018,3,249
1,758,1066,4665,2018,3,436
0,86,1066,3264,2019,1,386
0,6102,2272,1665,2020,3,391
0,4540,1182,5237,2015,2,369
0,3579,732,4020,2015,3,220
0,2906,3958,5222,2017,1,275
0,2793,2353,4652,2021,3,220
0,2747,1720,4126,2020,3,220
0,1215,1706,3457,2020,3,275
0,21,528,3717,2007,0,226
0,7136,2905,3866,2006,2,369
0,7056,2902,1362,2018,1,305
0,6505,4135,1362,2021,1,414
0,6171,3542,5576,2012,0,400
0,5967,1322,2567,2019,3,400
0,4206,1590,2529,2019,0,14
0,3334,4140,1362,2021,3,0
0,2881,3749,2328,2014,2,364
1,2293,1066,1351,2017,3,369
0,2089,1914,5074,2019,0,1
1,1276,1066,3141,2021,3,220
0,419,2126,903,2005,2,80
0,2904,2002,2058,2014,3,275
0,7208,3485,4174,2021,3,55
0,7206,3485,4174,2021,3,55
0,6771,2584,308,2015,0,357
0,6736,239,1121,2007,3,220
0,5545,167,281,2016,3,339
0,4600,3069,1362,2021,1,128
0,4445,1288,3037,2014,3,86
0,3726,4051,3006,2021,3,314
0,3598,1552,3214,2008,3,220
0,3462,3654,4798,2020,3,369
0,3217,598,1335,2016,3,314
0,2250,4030,2908,2021,1,129
1,1205,1066,3357,2021,3,452
0,5513,174,1608,2016,3,447
0,5327,663,3076,2020,3,314
1,4523,1066,3343,2020,3,119
0,4163,3209,3506,2021,3,369
0,3870,767,3620,2010,3,0
1,1498,1066,3505,2021,2,184
0,6307,2461,4397,2012,1,128
0,6179,3906,4681,2020,3,275
0,5619,3516,50,2020,3,345
0,5514,665,4562,2021,3,430
1,3874,1066,1362,2016,3,128
0,1793,3185,5439,2021,3,226
0,1598,3993,5309,2020,3,275
0,183,3937,3378,2017,0,49
1,5696,1066,1362,2021,1,414
1,3913,1066,5324,2014,1,128
0,3328,1041,4051,2021,1,226
1,3263,1066,1362,2014,1,449
0,1341,3277,3131,2020,0,314
0,1173,583,792,2019,3,266
0,6696,3605,1362,2011,3,305
0,4382,2790,1362,2019,0,275
0,2757,1315,4404,2009,3,369
1,2097,1066,1362,2019,1,128
1,1477,1066,1362,2018,1,128
0,224,3245,204,2008,0,369
0,6269,3325,1302,2019,3,123
0,5067,207,3997,2021,1,368
0,2981,1523,5471,2016,0,249
0,1624,4241,1139,2021,1,128
0,7121,1897,2710,2016,3,314
0,6838,407,4835,2017,3,369
0,6802,474,3426,2007,2,220
0,6725,1652,1362,2007,1,418
0,5848,175,235,2019,3,58
0,4981,3853,5475,2021,3,0
1,4971,1066,2680,2018,3,357
0,4809,4014,5154,2018,3,334
1,4223,1066,2424,2021,3,233
0,3974,3104,4677,2015,1,220
0,3593,581,1781,2006,3,369
0,3559,2255,4006,2020,3,361
0,3157,3621,450,2016,3,314
0,2810,2198,2734,2015,3,343
0,2641,943,3629,2006,3,220
1,2438,1066,3121,2021,3,400
0,2414,2470,1362,2017,1,305
1,1866,1066,1362,2018,1,128
0,1398,3332,4415,2015,3,266
0,1261,1754,2315,2008,3,220
0,977,3007,4492,2015,3,391
0,761,3211,286,2006,1,357
0,22,2470,412,2016,1,389
0,5205,258,1889,2009,3,275
0,4255,3656,290,2019,3,249
0,6707,3068,2157,2016,3,306
0,5298,1490,2739,2017,3,226
0,3720,1647,4002,2021,2,430
0,3455,1066,1362,2016,1,414
0,2743,3444,2083,2017,1,229
0,938,2913,4624,2017,3,54
0,4195,3795,4167,2021,3,49
1,3615,1066,4458,2021,3,220
1,944,1066,2549,2018,1,287
0,908,1622,1362,2021,3,391
0,6960,3646,2028,2019,3,61
0,5893,1676,3983,2009,0,369
0,5596,2531,878,2020,0,1
0,5335,302,4908,2009,2,314
1,4275,1066,4941,2016,3,314
0,3429,3268,4972,2017,0,232
0,2608,1899,5300,2008,3,289
0,1609,933,4947,2021,3,404
0,441,3829,3807,2019,3,270
0,7108,950,1571,2015,3,343
0,6053,1743,5147,2021,3,391
1,1652,1066,1961,2021,3,117
0,1053,3468,2846,2016,3,364
0,7189,3275,4777,2008,3,369
0,6638,3704,3531,2021,0,0
0,5286,1516,455,2020,3,447
0,4985,37,476,2008,1,201
0,4247,1359,3940,2011,3,227
0,3732,925,3351,2018,3,255
1,3665,1066,5302,2016,3,20
0,1984,3364,5518,2021,3,400
1,1086,1066,4550,2021,0,221
0,791,557,230,2021,2,400
0,28,2136,468,2021,3,369
0,6539,3207,458,2021,3,61
0,6406,3334,4468,2021,3,314
0,5831,2708,5319,2021,3,400
0,4993,595,794,2021,3,0
0,4758,986,2331,2021,3,400
0,4577,729,1365,2021,3,400
0,4087,1450,3651,2021,3,314
0,3422,2483,4649,2021,3,400
1,3147,1066,2468,2019,3,111
1,2302,1066,3644,2018,3,445
0,6623,644,1716,2021,3,67
0,3633,4165,2770,2016,2,325
0,3149,764,1013,2021,3,44
0,5363,3532,4891,2012,0,182
0,4385,3604,1362,2014,1,439
0,3784,1476,725,2017,1,414
0,2831,783,1906,2007,3,233
0,2239,3030,3145,2005,3,369
0,2139,3845,1693,2021,3,61
0,1620,354,1362,2018,1,132
0,1457,2754,1362,2018,1,414
0,1162,326,769,2021,3,169
0,1075,4111,3277,2014,1,220
0,730,225,324,2019,1,305
0,637,2034,4885,2021,3,58
0,4370,1175,5062,2020,3,49
0,4053,2588,5561,2020,3,369
0,554,1462,3896,2021,3,61
0,15,838,3216,2020,3,255
0,7061,725,3397,2006,2,305
0,6717,3300,3706,2012,0,357
0,5130,3157,4547,2012,3,275
1,3283,1066,1362,2011,1,147
0,2096,1471,1130,2021,3,357
0,1619,354,583,2017,1,132
1,6463,1066,1401,2021,0,443
1,6129,1066,4625,2021,3,369
1,4355,1066,4000,2015,3,449
0,2754,3996,4296,2021,0,49
0,2529,2669,1018,2021,3,369
0,1612,355,3957,2021,1,128
0,1008,1308,4388,2017,1,275
0,588,3490,4749,2018,3,49
0,6650,1258,2389,2018,3,204
0,4185,1741,4631,2009,3,220
1,3672,1066,312,2020,3,314
0,2203,2815,1362,2021,1,128
0,1613,355,3957,2021,1,128
0,426,287,4735,2016,3,200
0,4336,4033,1362,2016,3,182
0,3645,740,3133,2015,0,226
0,2932,909,1478,2016,3,275
0,2922,2980,3056,2020,0,86
0,6223,2860,1569,2016,0,400
0,3017,486,126,2021,3,357
0,1160,534,3454,2016,0,400
0,7113,1205,3943,2009,2,4
0,5874,922,5573,2019,3,49
0,4998,3141,3135,2019,3,270
0,4262,333,2990,2021,1,447
0,3734,3634,3745,2019,3,357
0,3588,3276,3613,2019,3,220
0,3494,2151,2834,2021,3,182
0,3227,2748,4678,2020,3,357
0,473,805,1081,2006,2,220
0,7217,2201,3690,2021,3,369
1,4689,1066,1362,2019,1,213
0,3637,264,4781,2019,3,226
1,2388,1066,1362,2010,1,119
0,6714,2700,4482,2021,3,363
0,6323,2955,2606,2019,3,275
0,6292,542,4887,2021,3,401
0,1494,2035,4204,2016,0,369
0,7102,2566,348,2016,3,154
0,5111,2999,3776,2016,3,430
1,3595,1066,3179,2021,1,128
0,7149,2557,395,2016,3,447
0,6296,2998,4274,2021,3,0
0,6118,10,3743,2020,3,0
0,5706,4002,2660,2018,3,391
0,4832,3990,3253,2021,3,220
0,4791,1626,2746,2018,3,436
0,4384,1951,1255,2012,3,368
0,4328,400,254,2021,3,226
0,3528,1744,3193,2019,3,0
0,3078,3518,3993,2017,3,86
0,1997,1497,4065,2015,3,314
0,536,2158,3682,2021,3,400
0,5969,2359,549,2019,3,184
0,5822,934,3068,2021,3,262
0,5518,3233,5400,2020,3,337
0,4323,620,1362,2019,1,414
0,2290,2331,1574,2007,1,276
0,2268,4208,22,2012,3,357
0,1291,1217,4450,2017,2,29
0,6794,2006,5501,2020,3,189
0,5636,352,3008,2020,1,414
0,3866,23,3007,2018,1,414
0,2340,743,1362,2019,1,414
0,2075,4216,2156,2015,3,400
1,1911,1066,1362,2018,1,414
0,699,3879,5163,2019,1,220
0,7157,4203,5581,2020,3,191
0,1936,1948,3192,2013,0,0
1,6028,1066,1362,2016,3,141
0,5658,2384,330,2021,3,220
0,3735,278,3272,2020,3,32
0,3350,278,3272,2020,3,32
0,3294,2754,1362,2020,1,414
0,2406,1066,1362,2019,1,418
0,579,1025,148,2006,2,164
0,6544,386,5444,2016,1,54
0,5997,3482,4251,2017,3,337
0,4828,278,4276,2017,3,314
0,4806,4105,1610,2016,3,392
0,4331,3576,85,2017,3,408
0,4220,202,4237,2017,3,337
0,4064,2890,4647,2011,3,408
0,3878,167,2072,2011,3,251
0,3296,3576,4265,2014,3,408
0,3215,2099,2513,2006,3,69
0,3211,2931,4234,2016,1,54
0,2620,4235,2073,2020,3,226
0,2434,3482,4251,2017,1,337
0,2333,2763,4329,2013,3,229
0,1808,2123,4219,2016,3,412
0,884,3693,5429,2017,3,54
0,807,3609,5398,2017,3,251
1,762,1066,1362,2017,3,140
0,360,3098,4162,2018,1,337
0,356,276,3258,2007,1,314
0,6920,2329,2070,2020,0,384
0,6166,1653,896,2017,2,1
0,5168,3907,1362,2017,1,275
0,3536,620,1878,2020,1,414
0,2715,3063,1043,2021,3,165
0,2489,2839,1362,2020,1,128
0,7025,620,1362,2019,1,414
0,6817,1463,5286,2021,3,400
0,4315,620,1362,2018,1,128
0,3660,3161,5485,2017,3,262
0,3541,620,1362,2020,1,414
0,3516,357,5465,2021,3,436
0,1877,1690,2768,2021,3,314
0,1665,2739,3203,2010,3,30
0,1616,355,1139,2021,1,128
0,1396,620,1878,2019,1,414
0,5635,23,1362,2021,1,414
1,1250,1066,1362,2020,1,128
0,4972,974,1562,2021,3,391
1,7072,1066,1345,2016,3,451
0,6975,2203,2243,2021,3,369
0,6711,2710,3856,2021,3,226
0,5607,3203,4263,2019,3,233
0,4636,3069,1362,2021,1,128
0,4460,3687,4921,2021,3,357
0,4276,3747,1362,2021,1,128
0,3583,1785,1981,2014,3,226
1,2389,1066,1362,2021,1,128
0,1999,2124,4640,2021,3,226
0,5564,2868,3407,2020,3,357
0,5411,3431,8,2021,3,430
0,5342,1184,1362,2011,3,305
0,4770,3173,5388,2021,3,136
0,4270,3221,4191,2021,3,357
1,3388,1066,4112,2021,3,272
0,3153,2100,1362,2021,1,428
0,1806,4098,36,2013,3,69
0,6426,3186,5371,2021,3,314
0,2615,2144,3292,2017,3,141
1,1243,1066,173,2020,3,314
1,6948,1066,1031,2021,3,230
1,6468,1066,734,2011,3,314
0,5574,590,1362,2019,3,132
0,6704,1283,4758,2021,3,369
0,6256,2333,1209,2021,3,314
0,5661,1687,4134,2021,3,369
0,5151,2948,2681,2019,3,314
0,3627,4003,1066,2021,3,262
0,3560,1198,2850,2014,3,220
0,3402,2408,4268,2011,3,251
0,2649,4237,3985,2014,3,77
0,963,1818,3515,2021,3,362
0,920,2890,4377,2014,3,229
0,408,489,513,2021,3,343
0,6564,66,485,2020,3,430
0,6131,1772,5272,2021,3,61
0,4896,3708,1831,2021,3,391
1,4628,1066,1362,2021,1,128
0,2952,904,4598,2021,3,66
0,2948,368,535,2020,3,233
0,1888,3151,2939,2019,3,430
0,1320,1508,363,2021,3,165
0,7082,688,1982,2018,3,414
0,6245,2426,822,2017,0,314
0,4737,2312,1362,2013,3,305
0,4237,1009,2003,2019,0,61
0,3844,2507,3408,2016,3,314
0,3760,568,100,2016,0,447
0,3538,620,1362,2020,1,414
0,3425,1451,4529,2015,3,274
0,2508,2613,797,2017,1,315
0,1940,2173,1842,2021,3,49
0,1733,3979,2339,2020,3,447
0,1226,1546,1362,2013,3,305
0,374,3874,4863,2017,0,265
0,6068,267,3420,2020,3,447
1,5693,1066,3354,2020,3,449
0,5021,346,4254,2008,3,434
0,4607,3069,1362,2021,1,128
0,3152,2571,883,2020,3,235
0,2963,3402,4108,2020,3,400
1,2612,1066,2018,2021,3,253
1,2050,1066,5198,2021,3,449
0,2049,3706,427,2020,3,314
0,641,4154,406,2019,3,391
0,450,381,136,2006,3,314
0,6637,76,3451,2016,3,6
0,5516,188,4224,2018,3,245
1,4108,1066,4094,2007,1,128
0,3619,4105,4010,2016,3,412
1,3114,1066,5666,2021,3,308
0,561,2028,5026,2020,3,276
0,377,907,4949,2018,3,86
0,7129,1299,3072,2021,3,170
0,6058,4201,134,2021,1,357
0,4514,3608,3287,2018,3,49
0,7022,2754,1362,2018,1,414
1,4849,1066,4573,2021,3,357
0,3345,196,2989,2021,3,447
0,3216,2338,4493,2017,3,314
0,2758,1864,388,2020,3,398
1,1373,1066,1362,2021,2,309
0,7161,2398,3290,2019,1,337
0,6583,4006,2362,2018,3,226
0,5390,435,3205,2021,3,314
0,4668,1055,3733,2017,3,357
1,890,1066,1647,2009,2,374
0,6721,2855,4271,2008,3,274
0,6679,803,2707,2017,3,80
0,6615,4240,1453,2011,3,134
0,6263,4182,1058,2011,2,314
0,5804,3804,1362,2017,1,128
1,5024,1066,4651,2006,1,128
1,4665,1066,3232,2021,3,357
0,4463,3689,4188,2021,3,86
0,3806,704,1098,2021,2,262
0,3443,2755,3067,2021,1,128
0,3440,2755,3067,2021,1,128
0,3162,1453,1202,2017,0,0
0,3109,3577,37,2007,3,339
0,2677,3125,5621,2018,0,68
0,2087,3543,3463,2018,3,7
0,1947,3477,5066,2013,3,430
0,770,3804,1362,2017,1,414
0,6051,705,835,2021,3,391
0,5991,2574,3217,2021,3,391
0,5060,969,5097,2021,3,391
1,4778,1066,5579,2021,3,357
0,4563,1384,4588,2021,2,360
0,3347,555,1362,2021,3,436
0,3021,2625,4037,2005,3,226
1,2783,1066,1362,2008,1,128
1,1904,1066,4723,2021,3,78
1,1786,1066,2841,2015,3,314
1,1646,1066,3961,2009,2,220
0,6752,1421,3279,2007,1,220
1,5191,1066,5165,2015,1,32
0,3857,3133,10,2021,3,314
0,2357,3509,381,2009,1,447
0,2185,2245,1172,2021,2,49
0,1753,1635,5602,2019,3,275
0,1489,1812,2521,2021,3,314
0,702,1347,5487,2021,3,220
0,240,40,54,2021,3,165
0,4020,360,1362,2020,1,128
0,3546,1066,1362,2020,1,414
1,6970,1066,3323,2020,3,230
0,5419,3702,1723,2021,3,361
1,5180,1066,3148,2021,3,314
0,4687,3077,1362,2020,1,128
0,3302,1429,1068,2021,3,400
0,3213,2115,4753,2006,3,430
0,2638,1036,3753,2021,3,447
0,2545,3117,2071,2013,3,262
0,2363,4251,5174,2021,3,346
1,2272,1066,3591,2019,2,0
0,1978,1730,1517,2011,3,266
0,1776,4112,5467,2021,3,117
0,1597,673,755,2021,3,34
0,1485,515,3966,2021,3,314
0,1166,2116,142,2015,3,60
0,3301,2419,469,2016,3,447
0,2332,1806,4951,2008,0,354
1,6332,1066,4488,2020,3,234
1,5043,1066,947,2021,3,18
0,3978,3913,5168,2017,3,230
0,3077,2779,2039,2020,3,255
0,953,3531,2273,2018,0,88
0,7060,1542,4531,2016,2,150
0,6522,4202,5522,2019,3,391
0,4926,1712,2271,2021,3,220
0,2436,2765,3902,2019,1,357
0,7042,4184,1362,2021,1,119
0,6957,181,3927,2008,3,314
0,2557,578,2232,2009,3,357
0,2138,48,1748,2008,0,220
1,1903,1066,724,2021,3,357
0,925,2946,1668,2012,0,398
1,6297,1066,3009,2021,2,328
1,4113,1066,1396,2020,1,439
1,2301,1066,1002,2016,1,439
0,7229,999,1282,2010,3,391
0,7139,1791,1622,2021,3,366
1,6397,1066,891,2016,1,255
0,6160,1024,1903,2012,3,369
1,5844,1066,1397,2014,0,369
0,5818,4205,3827,2020,3,447
0,3107,2696,1204,2020,3,39
0,1881,3460,2636,2021,3,437
0,1870,567,3891,2019,0,86
0,1524,2761,323,2020,3,363
0,743,1861,1977,2007,0,369
0,5647,2253,3013,2021,3,49
0,5922,3404,764,2020,3,400
1,5066,1066,3081,2017,3,357
0,3620,2037,3709,2014,3,314
1,3557,1066,77,2016,1,128
0,2915,281,481,2017,3,343
0,1688,3269,4586,2021,3,447
0,2552,2727,3792,2007,0,314
0,5842,2627,4514,2021,3,447
0,5551,480,1362,2013,3,220
0,1885,2903,598,2009,0,400
0,4075,3801,3990,2005,1,226
0,3919,360,1362,2019,1,128
0,3918,360,1362,2019,1,128
0,3724,360,1362,2019,1,128
0,3550,620,1362,2019,1,414
0,2283,2664,1589,2020,0,13
0,1305,1066,2459,2009,0,30
0,7119,3651,3790,2021,3,49
0,7109,2195,2499,2013,0,369
0,6864,1387,1088,2012,1,255
0,5995,603,3170,2012,2,359
0,5535,3308,4398,2009,0,185
0,5462,2163,4019,2011,0,226
0,5304,677,2126,2020,3,261
0,4918,1931,1205,2014,0,335
0,4264,621,731,2013,3,220
0,3604,339,5571,2021,3,314
0,2204,620,1362,2019,1,414
0,1046,2138,103,2007,2,391
0,892,945,4943,2020,3,361
0,789,1066,1362,2021,1,128
0,12,2615,2356,2015,3,86
0,6441,721,973,2021,2,4
1,5901,1066,5543,2021,0,57
0,5053,475,815,2014,3,391
0,4736,1292,1280,2021,3,314
0,3045,2200,5303,2013,0,391
0,2579,996,3479,2021,3,49
0,2428,620,1362,2021,1,414
0,1994,3564,1840,2015,1,18
0,1207,1644,3098,2021,3,314
0,809,4126,5495,2021,3,414
0,244,3873,2188,2015,3,73
0,104,3002,3614,2013,3,49
0,7081,3,959,2016,1,414
0,6870,523,1978,2010,0,334
1,6081,1066,1891,2020,3,47
0,2083,2414,1644,2014,3,191
0,1470,3847,4158,2021,3,0
0,664,1066,1362,2020,1,128
0,6485,3239,4452,2021,3,357
1,3571,1066,1921,2018,0,445
0,2713,4073,1762,2021,3,49
0,2554,1072,2798,2018,3,233
0,2452,1446,2115,2021,3,268
0,6832,1174,97,2018,3,314
0,5420,1578,3482,2020,3,414
0,4866,3965,1362,2021,3,111
0,4851,152,1166,2021,3,369
0,3839,4035,1362,2021,3,337
0,3410,2714,1105,2016,3,314
0,266,4145,551,2021,3,359
0,217,2060,1362,2021,3,452
0,1797,2971,1122,2012,3,58
0,1562,898,1362,2007,2,275
0,858,3140,607,2021,0,369
0,5757,1328,1759,2019,3,350
0,5632,336,4816,2013,0,226
0,6893,2466,1362,2020,2,275
0,5506,3348,165,2020,3,220
0,5006,2095,4187,2011,3,226
0,4409,1293,2032,2019,3,357
0,3698,3008,3970,2021,3,220
0,3033,2731,3664,2021,3,430
0,4012,360,1362,2020,1,128
1,5189,1066,0,2021,3,15
0,5092,3373,1411,2016,1,220
0,1704,1462,3874,2020,3,361
0,1095,719,2436,2014,3,445
1,6657,1066,5305,2020,3,12
0,658,2260,4049,2016,0,30
0,6695,2517,171,2019,3,369
0,6276,4169,811,2016,3,62
0,3202,3691,638,2019,3,369
0,2989,2244,4111,2017,3,314
0,2737,3453,1659,2016,3,220
0,6878,2923,1403,2013,1,77
0,3786,2943,4882,2012,1,226
0,3693,3428,4929,2006,3,314
0,3242,2090,4743,2013,1,220
0,3235,2093,4930,2005,3,369
0,3228,421,4843,2012,1,220
1,3065,1066,5090,2006,1,130
0,2256,15,7,2018,3,391
0,1712,443,5455,2013,3,0
0,1313,2922,4233,2005,1,228
0,6273,4229,3452,2014,3,391
0,5725,511,698,2021,3,226
0,5443,430,3759,2011,1,314
0,4425,3174,4901,2012,3,314
0,3750,2744,2046,2020,3,165
0,3269,1694,2256,2019,3,220
0,2983,1474,31,2020,3,361
0,2930,1489,4948,2014,0,0
1,2786,1066,74,2021,3,226
0,2276,4134,3939,2017,3,330
1,2258,1066,5149,2011,3,119
0,2101,3557,985,2013,2,363
0,1661,1788,5577,2018,3,414
0,1651,1952,244,2021,3,220
0,1294,2904,231,2021,3,244
0,1178,2838,2194,2021,3,314
0,324,684,4473,2021,3,391
0,172,2445,4091,2021,3,400
0,7212,2395,4175,2007,1,181
1,5917,1066,3667,2010,2,449
0,3747,2397,1684,2021,3,369
0,4886,1882,2644,2019,3,226
0,4701,2376,4628,2021,3,226
1,4626,1066,1362,2021,1,128
0,3722,129,1362,2011,0,275
0,3276,2395,635,2005,1,270
0,2962,2271,2617,2018,3,369
0,2189,1443,4912,2020,3,398
1,777,1066,2913,2018,1,128
0,6415,79,3522,2013,3,369
0,5836,666,3901,2006,3,447
0,5808,3590,4905,2021,3,400
0,4391,1066,3530,2006,0,156
0,4180,1985,3798,2021,3,191
0,2419,1319,5575,2013,3,314
0,2392,2374,1480,2018,3,314
0,1570,451,989,2016,3,357
0,798,1083,2557,2021,3,220
0,736,1003,3652,2017,2,308
0,528,1149,2943,2012,0,88
0,6428,2155,3950,2021,1,255
0,4055,2956,4012,2021,1,414
0,2586,464,2651,2010,3,18
1,2297,1066,4736,2019,3,314
0,222,3930,574,2017,2,226
0,5974,629,2062,2021,3,314
0,5508,1719,1107,2019,3,400
0,3937,2554,3078,2021,3,351
0,3138,3849,2703,2021,0,0
0,2806,2182,4644,2013,0,360
0,2681,3026,1747,2021,3,275
0,2172,2249,5583,2021,3,361
0,1671,44,4023,2019,3,400
0,1608,2595,3167,2021,3,330
0,1035,3770,5016,2021,1,414
0,4796,2543,1946,2020,1,190
0,4098,2284,3077,2019,3,226
0,2446,4214,1945,2019,3,363
0,305,735,1193,2021,3,220
0,7088,3059,4654,2012,3,369
0,6046,2033,4311,2021,3,398
0,5996,2354,180,2014,2,61
0,4516,3027,1010,2009,3,0
0,3028,2383,2318,2012,0,86
0,2306,2846,5196,2021,3,397
0,1102,3727,2380,2021,3,220
0,5900,3290,2079,2020,3,357
0,5499,131,3023,2017,3,308
0,1760,442,1862,2020,3,357
0,1238,2021,5663,2016,3,86
0,578,1575,3377,2017,3,305
0,435,77,4711,2012,3,49
0,7070,4222,376,2020,3,430
1,6535,1066,5586,2021,3,441
1,6211,1066,2304,2021,3,220
1,6039,1066,3355,2021,3,433
0,5547,2754,1362,2021,1,414
0,3739,1460,2406,2021,3,361
0,3222,2232,2898,2020,3,430
0,2648,2804,3804,2016,3,369
0,1927,1736,2295,2009,3,391
0,1699,1281,5404,2009,3,0
0,1191,1078,3610,2014,3,226
0,6201,604,3185,2021,3,262
0,5686,956,2654,2005,3,244
0,5181,645,3772,2021,3,61
1,2855,1066,5069,2019,3,262
0,655,3469,5436,2017,3,57
0,631,3108,5043,2021,3,430
0,368,8,5095,2016,3,391
0,6573,1371,169,2021,3,314
0,5667,148,4760,2021,1,357
0,5278,533,5024,2019,3,314
0,5106,295,2438,2014,2,343
0,4242,242,2572,2021,3,61
0,3436,3200,1249,2018,3,156
0,2918,3385,625,2021,1,0
1,2076,1066,4375,2021,0,314
0,1331,779,3447,2020,3,369
1,550,1066,1362,2019,0,334
0,7059,1865,2191,2014,0,310
0,6617,0,0,2021,3,0
0,5193,2741,1868,2017,3,400
0,4458,3312,3051,2019,3,334
0,3826,944,2148,2021,3,361
0,3525,153,5374,2021,3,391
0,3001,111,2080,2015,2,275
0,2790,3994,5212,2021,3,30
1,2346,1066,1362,2021,3,220
0,2072,1473,3241,2014,3,314
0,1213,3337,2285,2021,3,226
0,1222,1986,1942,2021,3,334
0,756,321,912,2019,3,0
0,275,1061,2899,2020,3,263
0,2563,163,1898,2008,3,357
0,7191,2981,3334,2019,3,220
1,7085,1066,1812,2008,2,314
0,4358,1792,2844,2021,3,220
0,4059,1776,3471,2013,2,369
1,3648,1066,3740,2006,2,449
0,2199,1540,3575,2018,3,314
0,1746,3825,5548,2010,0,400
1,1497,1066,168,2017,0,220
0,1288,2391,391,2015,3,447
0,1087,2260,4551,2006,0,220
1,983,1066,5605,2012,0,244
0,968,1066,3208,2010,3,305
0,126,3335,2445,2008,2,369
0,6577,3330,1522,2005,3,220
0,703,296,5274,2015,0,1
0,6425,3723,3305,2021,3,391
0,3396,123,314,2012,3,154
0,132,579,1661,2017,0,0
0,6852,1673,2465,2015,3,181
0,6579,2132,2263,2020,3,262
0,5012,3301,195,2015,0,447
0,4030,2368,5406,2014,3,430
0,1275,4195,1073,2008,2,434
0,1260,1195,1360,2016,0,369
0,750,2323,4666,2019,3,233
0,6837,800,886,2021,3,61
0,4898,2797,1178,2019,3,49
1,5875,1066,1616,2021,3,226
0,5405,1075,4854,2017,3,447
0,5197,3987,1042,2007,3,6
0,4676,2236,2065,2007,3,115
0,3901,1732,2403,2021,3,226
1,3846,1066,2210,2018,0,341
0,2016,3296,5538,2005,3,0
0,1522,3352,3428,2021,3,400
0,1158,1603,3637,2021,3,369
0,402,3908,1194,2018,3,349
0,382,2827,4212,2019,3,314
0,4711,3652,4144,2021,3,262
1,1639,1066,208,2021,0,61
0,1695,3995,1096,2021,3,364
0,4827,385,500,2013,3,262
0,4205,2939,4147,2014,3,49
0,3959,3715,3938,2015,3,86
0,3365,3182,2826,2010,3,361
0,2327,1126,4696,2020,3,422
0,1600,3178,1418,2014,3,430
0,1512,314,4590,2021,0,181
0,1378,444,1844,2021,3,30
0,874,1156,3812,2017,3,49
0,363,2254,5447,2012,3,314
0,281,1695,1319,2021,3,346
0,3224,3137,4226,2015,3,86
0,5819,3868,1362,2021,3,447
0,5207,3278,1362,2021,3,447
0,5068,2652,59,2005,2,226
1,4648,1066,1362,2021,3,0
0,3812,2336,1362,2021,3,342
0,3751,1815,1362,2021,3,391
0,3329,3426,4928,2006,3,430
0,2387,1178,1362,2021,3,249
0,2066,2513,1695,2018,3,170
0,7226,1731,2359,2008,0,246
0,6014,3709,1426,2011,3,257
0,5318,2153,2966,2005,0,369
0,4659,3555,5381,2007,0,369
0,2837,1439,1879,2021,3,314
0,1820,1066,4046,2008,0,148
0,1348,3479,2696,2021,3,314
0,1052,3592,2956,2011,0,314
0,6575,922,350,2008,0,49
0,6308,2240,2994,2018,3,80
0,5295,3585,4160,2021,3,77
0,5252,4125,4851,2021,3,0
0,4169,754,321,2018,3,400
0,3158,142,831,2021,3,314
0,309,1159,1362,2017,3,262
0,4792,1066,3855,2009,0,360
0,821,488,4923,2016,3,226
0,678,3756,3864,2017,0,86
0,6791,66,385,2008,1,86
1,5456,1066,5597,2021,3,357
0,3944,1096,1432,2007,0,61
0,2913,3835,131,2015,3,49
0,2902,3780,1438,2013,0,86
0,2073,2220,3266,2016,3,430
0,1792,3481,528,2006,1,220
0,1773,3126,491,2015,3,400
0,1168,3096,1765,2017,3,30
1,1079,1066,488,2021,1,128
0,380,2921,5441,2016,3,86
0,234,884,1441,2014,0,49
0,1963,1526,3508,2012,3,141
0,1961,1525,3508,2009,3,141
0,991,147,5005,2005,0,0
0,6545,1697,3054,2021,3,369
0,6477,2479,3601,2015,2,399
0,5072,3805,2296,2015,3,30
0,4902,1351,3061,2019,3,447
0,4034,2362,5170,2017,3,343
0,1925,1544,2123,2020,3,165
1,350,1066,1362,2021,1,312
1,466,1066,1832,2020,3,0
0,10,3012,3039,2020,3,220
1,4853,1066,4288,2020,2,439
0,4267,2486,4018,2016,3,154
0,3882,3001,1419,2021,1,262
1,3380,1066,3984,2021,3,451
0,1380,1692,1970,2016,0,6
0,510,2551,2160,2018,3,226
0,6287,1888,3286,2021,3,447
0,6174,649,479,2021,0,334
1,5211,1066,5647,2018,3,49
1,5044,1066,4538,2019,1,449
0,4812,1912,1470,2010,3,305
0,4290,1138,4860,2009,0,13
1,2674,1066,2017,2019,3,226
1,1955,1066,5643,2017,3,449
0,786,137,188,2018,3,369
0,424,1902,3684,2021,3,314
0,300,2596,1362,2020,3,298
0,3543,1066,1362,2021,1,414
0,2759,3580,4750,2017,3,226
0,1998,3102,4153,2019,3,357
0,1355,563,1743,2019,3,61
0,1069,2147,691,2011,3,275
0,3,3375,2074,2021,3,314
0,2,3375,2074,2021,3,314
1,3614,1066,1362,2021,1,308
0,2165,3377,1047,2019,3,334
0,1240,1449,2837,2019,3,244
0,679,1402,419,2007,0,0
0,5655,1540,1926,2010,3,226
1,4961,1066,4373,2021,0,111
0,4844,3176,1804,2017,3,0
0,3997,1066,1362,2021,1,112
0,3317,2799,2922,2021,3,428
0,2923,3452,1604,2018,3,239
0,2853,208,3627,2007,2,233
0,1479,2472,1362,2012,1,439
0,1197,3267,1999,2013,3,314
0,1051,192,3048,2021,3,399
0,894,1034,4425,2012,0,49
0,745,1988,4772,2017,0,400
0,349,2605,93,2007,0,337
0,5985,240,4342,2007,0,369
0,5429,2046,115,2021,3,49
0,4066,1841,3841,2008,0,400
0,3654,2474,4384,2008,0,220
0,982,527,1387,2020,3,391
0,7148,2078,1751,2021,3,68
0,5504,3496,4125,2013,2,276
0,2986,2914,2075,2021,3,314
0,7163,4063,125,2021,3,237
0,6548,1579,1362,2021,3,436
0,6130,41,3415,2021,3,244
0,6042,2734,5472,2016,3,357
0,5440,156,1602,2021,3,350
0,4672,3884,5363,2017,3,226
0,3223,2371,1767,2016,3,226
0,2976,954,1243,2005,3,447
0,2322,2612,5550,2019,3,220
0,1693,317,1823,2020,3,369
0,1061,1533,745,2005,3,226
0,867,998,1656,2010,0,358
1,6955,1066,1362,2020,1,305
0,5457,3914,4834,2021,3,220
0,4826,1078,4820,2018,3,369
1,4465,1066,4304,2013,3,233
0,4204,7,5464,2019,3,369
1,4069,1066,3699,2021,3,369
0,3445,4239,2135,2021,2,202
0,3360,2393,3267,2021,1,226
0,3284,3071,2906,2021,1,128
0,2784,1169,3876,2021,3,391
1,2521,1066,665,2021,0,369
0,1782,286,1346,2018,1,343
0,1678,2248,5396,2020,1,49
0,370,406,5312,2018,3,357
1,4801,1066,1362,2021,3,275
1,4123,1066,1362,2021,1,414
0,3780,3045,2626,2010,0,220
0,3261,3507,2958,2019,3,270
0,3004,2342,1460,2012,3,0
0,2665,908,4518,2011,3,314
0,2592,3244,446,2017,3,349
0,2316,495,653,2019,3,305
0,2051,2957,4453,2021,3,398
0,1818,2930,2702,2021,3,77
0,1506,49,5382,2008,0,0
0,1407,445,4337,2020,3,30
0,1131,831,1230,2012,0,220
0,6875,420,1383,2020,3,430
0,5717,4080,1424,2021,3,226
0,3621,2153,992,2008,0,447
0,1548,3942,2797,2018,0,447
0,5888,1101,614,2021,2,369
0,5540,4161,2847,2021,3,357
0,4299,2186,590,2021,3,0
0,1803,3187,4635,2019,3,391
0,1582,3750,719,2012,2,314
0,1558,2972,1824,2011,3,391
0,1450,3758,2866,2008,3,314
0,282,3029,4390,2006,3,314
0,4369,3330,1235,2010,3,226
0,3413,1112,4413,2012,0,391
0,3237,734,4693,2019,3,149
0,2692,555,3246,2012,2,452
1,2461,1066,4419,2021,3,449
0,4451,2109,2938,2021,3,49
0,3888,1457,2394,2013,1,221
0,2157,224,2657,2014,3,368
0,2094,835,4572,2020,3,262
0,563,1715,2490,2014,3,220
0,6919,1665,4435,2021,3,314
0,5852,1441,1883,2019,3,452
0,5685,3396,5349,2021,3,49
0,5320,812,269,2015,3,233
0,4741,2089,3256,2005,3,430
0,2840,2518,4433,2019,3,275
1,2350,1066,5132,2008,1,128
0,228,2018,1639,2010,3,357
0,6872,1630,5438,2014,3,49
0,5916,947,3653,2007,0,400
0,5794,4094,5421,2010,3,191
0,4418,2535,4787,2016,0,447
1,3027,1066,5512,2021,3,449
0,2965,1766,2405,2008,0,391
0,2669,736,1963,2012,3,391
0,2122,3253,407,2012,3,391
0,1846,1518,2258,2013,0,369
0,1768,576,3046,2014,3,391
0,962,3545,4714,2019,3,400
0,852,4191,4110,2008,0,391
0,227,2441,4501,2005,0,360
0,6692,1408,5246,2009,0,400
0,6497,1656,4238,2005,2,169
0,6277,994,4767,2014,0,391
0,5898,4187,1026,2006,0,0
0,5850,1606,5553,2009,0,403
0,4568,627,1437,2016,0,175
0,4240,3390,2260,2007,0,398
0,4035,952,4301,2012,3,400
0,1663,1458,2247,2008,0,244
0,1592,2431,1362,2020,3,287
0,6630,3261,4840,2021,3,391
0,6466,1012,3932,2009,3,447
0,6362,946,3735,2021,3,334
0,6243,1928,2666,2006,0,400
0,6242,1066,3125,2006,0,334
0,6110,2313,414,2010,0,233
0,5273,1177,4102,2009,0,334
0,5245,1834,2289,2010,0,262
0,4868,3371,4443,2021,3,334
0,4503,3065,3332,2020,3,447
0,4430,3950,2413,2014,3,391
0,4202,401,5451,2017,1,86
0,4165,1689,2110,2006,2,220
0,4105,3352,3171,2014,3,417
0,3515,150,5580,2016,3,0
0,3123,980,2461,2011,2,305
0,2603,1627,3794,2021,3,447
0,2156,2172,3557,2017,3,353
0,2128,2609,4097,2016,2,314
0,1743,470,1633,2018,3,391
0,1543,555,4437,2021,3,400
0,1518,3380,667,2013,2,354
0,1409,2995,2527,2009,2,417
0,1404,2141,830,2021,2,242
0,1382,2133,953,2021,3,182
0,726,1237,326,2020,3,126
0,640,3517,765,2021,3,262
0,638,923,1623,2021,3,436
0,176,2426,2613,2009,2,182
0,5923,2819,4797,2006,0,92
0,5651,4218,5379,2020,3,220
0,6819,2055,1171,2021,3,447
0,6470,1097,56,2021,3,314
0,5340,2985,1857,2021,3,391
0,2146,2869,259,2021,3,391
0,2227,1783,5466,2021,3,434
0,1106,2273,2528,2021,1,220
0,4852,3050,4069,2021,3,356
0,3829,1928,3381,2008,2,0
0,3810,2381,1362,2021,3,391
0,2937,182,1558,2021,3,343
0,2736,4177,1362,2021,3,86
0,2132,1033,2815,2016,0,369
0,2019,737,4182,2019,3,257
0,1172,2193,2901,2020,2,220
0,6490,3295,2973,2015,0,6
0,4956,2639,3572,2019,3,265
0,1824,2754,1362,2020,1,414
0,6238,1127,1813,2009,3,314
0,4953,2639,3574,2014,3,241
0,4951,2639,3564,2019,3,265
0,4949,2639,3570,2012,3,244
1,3163,1066,1362,2021,1,128
0,2011,1090,3092,2016,3,314
0,854,3459,1454,2021,3,226
0,7009,1725,829,2020,3,437
1,6927,1066,4117,2021,3,314
0,6745,3634,3766,2021,3,314
0,6442,2950,669,2014,3,314
0,6165,3037,2955,2020,3,86
0,4429,1721,1362,2021,2,308
0,4428,1721,1362,2021,2,308
0,4149,2250,4545,2021,3,68
0,3364,3167,2252,2021,3,244
0,2289,1695,1320,2021,3,364
0,6311,941,1526,2020,3,49
1,3686,1066,2655,2021,3,428
0,1287,2319,2002,2019,3,128
0,1090,2183,1362,2020,1,275
0,395,0,0,2021,1,0
0,7158,3840,1976,2015,3,66
1,6665,1066,3448,2018,2,449
0,7099,1280,2457,2019,3,49
0,5394,531,4353,2021,3,226
0,2882,3722,2551,2021,3,314
1,5446,1066,5163,2020,1,449
0,5351,3132,315,2021,3,220
0,4110,3753,5107,2010,2,220
0,3430,2835,2041,2021,3,49
1,3326,1066,1736,2007,3,369
1,2572,1066,4320,2021,3,334
0,2442,936,3349,2009,0,391
0,7154,3219,4293,2021,3,220
0,6868,4171,5536,2020,3,220
0,6286,1888,3286,2021,3,447
0,6253,86,1533,2018,3,49
1,5876,1066,3285,2017,3,325
0,4583,3462,4279,2021,3,220
0,4439,1538,2439,2009,0,80
1,3961,1066,1362,2014,1,127
0,295,2052,4650,2015,2,226
0,3677,1233,1987,2020,3,306
0,1527,62,5273,2010,3,49
1,6835,1066,1362,2021,3,275
0,5812,2274,1730,2015,3,226
0,5594,3501,2952,2016,3,81
0,5533,2366,1362,2021,3,275
0,5495,2067,1160,2011,3,369
0,5212,3449,1734,2021,3,357
0,5030,453,2161,2010,3,217
0,4919,2597,4740,2020,3,334
1,4799,1066,1362,2021,1,275
0,4560,2988,1039,2006,3,314
0,4175,3690,4877,2021,3,49
0,4054,2515,3704,2021,3,226
0,3111,2140,2808,2020,3,262
0,2777,2646,3459,2015,3,0
1,2756,1066,817,2007,3,314
1,2483,1066,1362,2020,1,414
0,2112,1971,3484,2021,2,188
0,1593,3314,796,2021,3,391
0,1228,3130,274,2017,3,49
0,832,3688,4680,2019,3,360
1,394,1066,0,2021,1,449
1,390,1066,0,2021,1,0
1,339,1066,0,2021,1,449
0,236,4138,2084,2021,3,167
0,6125,3392,3126,2013,0,399
1,4664,1066,1362,2021,1,414
1,1827,1066,1400,2021,1,96
0,1307,3810,2807,2021,3,314
1,351,1066,684,2019,1,305
1,342,1066,0,2021,1,449
1,341,1066,0,2021,1,449
1,387,1066,0,2021,1,0
1,385,1066,0,2021,3,0
1,384,1066,0,2021,1,449
0,7048,877,2845,2021,3,334
0,5928,2901,1362,2011,3,275
0,5918,1892,2519,2020,3,334
0,3926,1634,3600,2021,3,66
0,799,3106,1760,2021,3,270
0,729,1869,60,2011,0,11
0,782,2210,4372,2021,3,68
1,5864,1066,3400,2018,1,128
1,2143,1066,674,2014,3,275
0,1217,4093,3981,2019,3,398
0,410,2262,5606,2019,3,226
0,7058,1406,702,2017,3,369
0,5037,1040,2095,2021,3,0
0,4286,1049,3920,2018,3,182
0,4005,1545,3980,2021,3,391
0,3923,1556,1662,2017,3,80
0,3062,1794,2222,2011,3,275
1,413,1066,5139,2021,3,439
0,4955,2800,3561,2014,3,241
1,2858,1066,3259,2021,0,336
0,1587,1594,2125,2010,3,233
0,1567,912,1153,2020,3,244
0,979,3491,1390,2021,3,374
0,681,1413,4334,2020,3,0
1,5105,1066,4370,2021,3,451
0,5004,3274,1362,2008,0,148
1,3105,1066,4904,2021,1,414
0,1725,3340,335,2006,3,228
1,1585,1066,32,2021,3,61
0,310,4156,2005,2007,3,357
0,4713,429,240,2021,3,369
0,4405,3083,5297,2005,0,8
0,804,1837,5084,2005,3,334
0,700,3565,4506,2021,3,447
0,7051,375,1930,2021,3,244
0,5202,3139,1035,2016,3,41
0,5185,3582,4734,2020,3,314
0,5090,2091,4858,2006,3,357
0,3343,3326,1362,2014,3,439
0,2466,432,2097,2018,3,220
0,1603,2534,1786,2021,3,66
0,6574,1948,3194,2016,3,0
0,2391,212,3819,2020,1,226
0,2046,864,865,2010,3,244
0,2039,871,865,2010,3,246
0,2033,859,865,2011,3,244
0,2031,855,865,2010,3,34
0,2029,865,865,2011,3,247
1,7188,1066,5676,2018,3,369
0,4882,2816,1362,2010,3,275
0,7216,315,96,2020,3,314
0,6523,231,807,2021,3,334
1,6448,1066,1312,2020,2,325
0,6200,4061,1353,2007,3,220
1,5728,1066,4780,2020,0,314
0,3803,2493,1362,2009,3,275
0,3374,3494,2111,2021,3,18
0,1065,2883,3925,2021,3,18
0,1056,569,2803,2021,3,400
0,1017,3778,233,2021,3,391
0,552,452,378,2019,3,275
0,475,807,2744,2019,3,369
0,404,226,411,2018,3,233
0,6295,190,1363,2020,3,220
0,6027,2301,2456,2014,3,61
0,5987,4192,3675,2014,3,369
0,5828,4190,2481,2019,3,400
0,5747,4095,3532,2014,3,205
0,5674,1031,4542,2021,3,61
0,5364,1483,3018,2006,3,314
0,4899,2994,546,2012,0,80
0,4657,1625,892,2019,3,400
0,4656,3053,1600,2019,3,314
0,4642,2111,1918,2021,3,357
0,4138,2307,5506,2020,3,314
0,3743,1256,2388,2019,3,30
0,3610,4242,5652,2015,3,220
1,3503,1066,2583,2021,3,368
1,3373,1066,2111,2021,1,18
1,3155,1066,1687,2016,2,307
0,3120,4056,3402,2005,0,270
0,3081,1586,2294,2019,3,191
0,3052,2392,3885,2016,3,357
0,3041,2164,971,2014,2,49
0,2799,3934,3207,2020,3,220
0,2533,3028,4090,2021,3,30
0,2254,2421,2152,2008,2,314
0,2210,876,1678,2021,3,305
0,2197,3270,2503,2006,3,333
0,2193,2208,2208,2005,0,434
0,2010,166,3926,2021,3,314
0,1774,1586,1348,2017,3,191
0,1271,679,3953,2011,3,369
0,1057,2707,4668,2011,2,60
0,976,1409,95,2021,3,391
0,595,1586,357,2018,3,191
0,200,2567,3477,2019,3,47
0,6999,3303,58,2014,3,220
0,6319,630,1861,2007,3,369
0,6127,930,4015,2010,2,391
0,5931,2628,1318,2009,2,36
0,5329,3677,2321,2021,3,314
0,4167,1364,4932,2016,3,234
0,4164,2039,5313,2018,3,357
1,3421,1066,2470,2015,1,307
0,2124,1910,747,2011,3,391
1,1637,1066,5673,2021,3,449
0,1664,1020,1304,2015,2,181
1,1290,1066,3251,2021,3,226
0,6902,184,4725,2016,3,314
0,6599,342,2944,2016,2,73
0,6007,2573,1770,2021,3,314
0,4748,3289,3916,2012,0,399
0,3773,2434,3320,2007,3,368
0,2689,356,2582,2010,3,220
0,1985,1949,197,2012,3,400
0,3775,2154,2925,2021,1,268
1,5587,1066,1362,2019,3,117
0,887,3980,1362,2021,3,391
0,7118,987,2269,2014,0,67
0,6341,4255,2494,2014,0,175
0,5904,2575,1732,2020,3,349
0,5654,990,1362,2021,3,391
1,5393,1066,572,2021,3,230
0,5387,931,4961,2019,3,169
0,4416,3455,5216,2017,3,447
1,2955,1066,167,2021,3,402
0,2099,112,3409,2019,3,43
0,2081,3351,1615,2021,3,275
0,476,237,4528,2010,0,360
0,6954,1629,1262,2020,3,447
1,6729,1066,2842,2018,3,449
0,6069,1991,2735,2006,0,172
0,6033,3195,2782,2021,3,369
1,4647,1066,1362,2021,1,128
1,4226,1066,3836,2007,3,275
0,4094,293,1362,2005,3,275
0,3715,2451,866,2020,3,226
0,2660,3526,1829,2021,3,67
0,6979,614,1362,2011,2,314
0,6492,3547,5071,2021,3,220
0,6444,4179,1184,2021,3,314
0,6186,396,581,2021,3,391
0,4779,2425,1185,2008,2,6
0,4780,2425,1186,2008,2,0
0,4742,798,4442,2014,3,34
0,4407,3981,5298,2011,0,0
0,3825,2549,1024,2017,3,181
0,3710,3417,5146,2021,3,391
0,1751,2438,3327,2021,3,314
0,1732,1295,2411,2021,3,93
0,1709,3618,4971,2010,3,220
0,557,3762,5028,2018,2,0
0,334,1,1362,2010,2,4
0,6990,2013,685,2021,3,314
0,6808,2840,2207,2005,3,357
0,6358,2041,4208,2021,3,437
0,6021,2523,3430,2017,2,68
0,5598,2912,2399,2020,3,305
0,5120,1942,2533,2021,3,357
1,4874,1066,1124,2017,3,220
0,3332,2,5251,2010,2,0
0,3330,3052,2245,2010,3,244
0,1369,485,1337,2021,3,357
0,262,642,2975,2013,0,244
0,241,4017,3495,2016,3,374
0,6372,983,2589,2011,0,220
0,6359,2577,1040,2020,3,400
1,5982,1066,4862,2021,3,77
0,5739,8,2737,2021,1,314
0,5738,8,2737,2021,1,314
1,5071,1066,2931,2018,3,314
0,4443,2205,3053,2019,3,314
0,4269,3049,1245,2018,3,314
1,3488,1066,1362,2021,1,414
0,3333,2,5252,2010,2,4
1,2475,1066,1565,2019,3,314
1,1647,1066,1588,2021,1,128
